municipio,populacao,PIB,area_ha
Abadia dos Dourados,6365.0,176773.658,37.8671050649095
Abaeté,23161.0,541239.206,21.020223556525444
Abre Campo,14312.0,262686.538,0.0
Acaiaca,3997.0,64907.018,0.0
Açucena,8995.0,165823.625,0.0
Água Boa,12545.0,192074.169,36.11359887958017
Água Comprida,2165.0,229830.864,163.19696518032225
Aguanil,4490.0,94614.885,0.0
Águas Formosas,18841.0,287599.466,26.278577788971965
Águas Vermelhas,14486.0,236648.589,127.68184551000549
Aimorés,26165.0,638010.261,122.54569246384555
Aiuruoca,6382.0,128548.904,0.0
Alagoa,2816.0,47717.043,0.0
Albertina,3023.0,153961.137,0.0
Além Paraíba,31333.0,971810.323,33.274894734734815
Alfenas,81950.0,3485866.713,16.502817414229707
Alfredo Vasconcelos,7184.0,150663.068,32.21305738205056
Almenara,41894.0,674899.706,9.079250010676901
Alpercata,7029.0,94596.97,0.0
Alpinópolis,18672.0,524217.704,0.0
Alterosa,14253.0,296524.613,0.0
Alto Caparaó,5982.0,97111.413,0.0
Alto Rio Doce,10994.0,180131.854,0.0
Alvarenga,4012.0,54647.953,0.0
Alvinópolis,15360.0,340215.442,10.304074322493253
Alvorada de Minas,4322.0,64854.954,0.0
Amparo do Serra,4595.0,55925.546,6.446478872397141
Andradas,42282.0,1183812.146,3.06240399222879
Cachoeira de Pajeú,9333.0,125598.21,37.25562731985414
Andrelândia,12169.0,291936.906,6.083899466467757
Angelândia,7860.0,144540.822,0.0
Antônio Carlos,11345.0,241904.112,0.0
Antônio Dias,9388.0,894623.501,11.049712983047428
Antônio Prado de Minas,1558.0,28570.863,0.0
Araçaí,2224.0,59997.818,33.74395061156857
Aracitaba,2095.0,31361.546,0.0
Araçuaí,35250.0,520019.061,64.8427928819496
Araguari,122874.0,5837822.895,187.85773704410582
Arantina,2991.0,88541.803,0.0
Araponga,8218.0,122295.534,0.0
Araporã,8935.0,1294616.067,330.76556230904924
Arapuá,2674.0,172815.559,7.583962373831957
Araújos,9556.0,474337.16,0.0
Araxá,117677.0,8950862.76,68.84154298698424
Arceburgo,9348.0,346704.206,0.0
Arcos,43348.0,2346520.112,6.747546815922361
Areado,14212.0,309348.258,0.0
Argirita,2725.0,40091.914,12.650960256470327
Aricanduva,4820.0,67083.989,0.0
Arinos,17598.0,318619.595,188.66192382593985
Astolfo Dutra,14565.0,292035.399,0.0
Ataléia,13967.0,199016.142,607.2069470456462
Augusto de Lima,4593.0,89041.12,145.1336617879355
Baependi,18768.0,381042.347,3.5006014331424136
Baldim,7614.0,201276.81,0.0
Bambuí,24144.0,780013.333,155.27108671585117
Bandeira,4821.0,59115.718,0.0
Bandeira do Sul,6146.0,86583.393,0.0
Barão de Cocais,32095.0,2439013.388,0.0
Barão de Monte Alto,4991.0,63114.535,4.69692989784623
Barbacena,129630.0,3523134.929,8.606786983281046
Barra Longa,5740.0,81927.458,7.093879206393709
Barroso,20566.0,608920.777,0.0
Bela Vista de Minas,10412.0,568259.822,0.0
Belmiro Braga,3299.0,61570.579,0.0
Belo Horizonte,2416339.0,105829675.053,59.573762449955765
Belo Oriente,24503.0,2114721.515,0.0
Belo Vale,8946.0,279905.901,2.2997944896107008
Berilo,9769.0,112831.874,0.0
Bertópolis,4546.0,53791.989,7.071926149568435
Berizal,4277.0,61025.776,34.0841231568325
Betim,429236.0,33132919.131,0.0
Bias Fortes,3388.0,41578.45,0.0
Bicas,14331.0,277609.017,0.0
Biquinhas,2409.0,64479.065,0.0
Boa Esperança,41332.0,1058550.132,12.852291553142873
Bocaina de Minas,5508.0,80220.794,0.0
Bocaiúva,49668.0,1225284.399,340.50603499766277
Bom Despacho,53995.0,1814096.238,0.0
Bom Jardim de Minas,6968.0,127773.881,0.0
Bom Jesus da Penha,4642.0,196095.721,0.0
Bom Jesus do Amparo,5775.0,160334.117,0.0
Bom Jesus do Galho,14756.0,171128.461,2.7563866006293103
Bom Repouso,13183.0,160231.561,0.0
Bom Sucesso,17510.0,445077.839,4.836939795970979
Bonfim,7672.0,135482.47,0.0
Bonfinópolis de Minas,5615.0,458718.721,447.9492725900138
Bonito de Minas,10491.0,101039.237,11.72928785593705
Borda da Mata,17811.0,374864.649,2.8829175397939633
Botelhos,15137.0,325925.798,1.9121591443004948
Botumirim,5841.0,75752.999,25.240422693840777
Brasilândia de Minas,15432.0,415094.748,132.71646852624838
Brasília de Minas,33188.0,377425.427,33.11792354862634
Brás Pires,4314.0,50032.229,0.0
Braúnas,4475.0,213083.99,20.55930292331427
Brazópolis,14506.0,198031.999,0.0
Brumadinho,40777.0,4624938.325,0.0
Bueno Brandão,11161.0,240738.442,1.758807449726706
Buenópolis,9229.0,180724.998,64.76921581462963
Bugre,4149.0,47558.457,0.0
Buritis,24693.0,1164015.292,830.9490170277531
Buritizeiro,24068.0,736130.19,206.45489079557808
Cabeceira Grande,6797.0,477388.255,412.9632573251349
Cabo Verde,11396.0,290842.69,0.0
Cachoeira da Prata,3781.0,51864.184,2.4552745637666837
Cachoeira de Minas,12248.0,537009.365,0.0
Cachoeira Dourada,2346.0,269619.371,283.2757021980676
Caetanópolis,11832.0,315264.292,0.0
Caeté,39850.0,1074938.139,0.0
Caiana,5463.0,88655.637,0.0
Cajuri,4186.0,97321.404,8.66439616161531
Caldas,14588.0,337663.037,0.0
Camacho,2867.0,70874.017,3.802679574339495
Camanducaia,27551.0,990372.51,1.7902925915056545
Cambuí,30870.0,1865719.031,1.5319968700528315
Cambuquira,12560.0,370862.016,252.82051711342507
Campanário,2917.0,53463.895,0.0
Campanha,16334.0,439876.708,161.76887915868863
Campestre,21143.0,486392.176,0.0
Campina Verde,18250.0,536834.437,416.5956543065478
Campo Azul,3802.0,40661.5,7.311879687972495
Campo Belo,53943.0,1244646.672,0.0
Campo do Meio,11624.0,231132.103,2.8082887244946977
Campo Florido,8838.0,710907.242,563.2684490105324
Campos Altos,13136.0,434286.465,22.44295766770017
Campos Gerais,26809.0,704549.965,30.601256352044913
Canaã,4832.0,77460.174,0.0
Canápolis,10755.0,678011.968,405.7070856750999
Cana Verde,5356.0,80137.709,12.370808096755358
Candeias,14236.0,371149.374,12.086635033423647
Cantagalo,4039.0,56760.891,0.0
Caparaó,5144.0,97624.36,0.0
Capela Nova,4416.0,62475.896,0.0
Capelinha,41536.0,888063.358,0.0
Capetinga,6652.0,207279.537,5.001814191770068
Capim Branco,11105.0,123379.12,0.0
Capinópolis,14899.0,666601.289,972.476998147609
Capitão Andrade,4650.0,60812.622,0.0
Capitão Enéas,14401.0,501517.827,338.5348481101155
Capitólio,10863.0,328449.372,0.0
Caputira,9128.0,143750.97,0.0
Caraí,19654.0,210428.036,24.373920455820098
Caranaíba,2960.0,41483.206,0.0
Carandaí,24368.0,751899.12,0.0
Carangola,32165.0,639260.235,0.0
Caratinga,90687.0,2283288.08,24.202291183941817
Carbonita,8633.0,220681.956,185.1525642750034
Careaçu,7029.0,174196.694,6.9655670978757875
Carlos Chagas,18852.0,474792.026,20.071998021064186
Carmésia,2682.0,39788.307,0.0
Carmo da Cachoeira,11776.0,321642.557,2.095969903439863
Carmo da Mata,11279.0,265730.041,0.0
Carmo de Minas,14114.0,290443.145,13.62201075133458
Carmo do Cajuru,24376.0,629040.312,0.0
Carmo do Paranaíba,29899.0,1060224.385,2.6360882034583377
Carmo do Rio Claro,21464.0,694617.337,7.998557289616669
Carmópolis de Minas,18498.0,461604.433,0.0
Carneirinho,9630.0,407481.017,129.0164285807224
Carrancas,4153.0,177651.275,0.0
Carvalhópolis,3417.0,71386.916,0.0
Carvalhos,4507.0,80637.898,2.972726507013394
Casa Grande,2260.0,69241.195,0.0
Cascalho Rico,2757.0,80003.577,2.053149093323722
Cássia,17495.0,436434.833,10.592529385660619
Conceição da Barra de Minas,3596.0,68733.474,0.0
Cataguases,67872.0,1651609.202,0.0
Catas Altas,5668.0,5032357.626,0.0
Catas Altas da Noruega,3141.0,40793.291,0.0
Catuji,7226.0,83288.861,23.67209289546405
Catuti,4805.0,56843.974,0.0
Caxambu,21436.0,371034.549,0.0
Cedro do Abaeté,1091.0,22406.179,0.0
Central de Minas,6243.0,87070.842,0.0
Centralina,10440.0,351070.311,133.0229130244923
Chácara,3177.0,47151.271,0.0
Chalé,6261.0,114181.174,0.0
Chapada do Norte,10024.0,111127.088,0.0
Chapada Gaúcha,12810.0,403117.777,91.94504980639888
Chiador,2865.0,37253.468,0.0
Cipotânea,5599.0,73305.794,0.0
Claraval,4777.0,182017.064,0.0
Claro dos Poções,7259.0,83730.399,122.31366523112818
Cláudio,31665.0,1118679.534,0.0
Coimbra,7285.0,139845.278,0.0
Coluna,8251.0,121196.119,13.558538370073386
Comendador Gomes,2813.0,154809.443,124.35484115515229
Comercinho,6627.0,68128.54,45.165234601671656
Conceição da Aparecida,10668.0,274176.557,0.0
Conceição das Pedras,2837.0,61042.857,0.0
Conceição das Alagoas,29949.0,1318366.994,22.886846883915748
Conceição de Ipanema,4503.0,81015.659,0.0
Conceição do Mato Dentro,24254.0,9051035.533,57.1878923669631
Conceição do Pará,5567.0,494122.167,0.0
Conceição do Rio Verde,12780.0,343578.476,127.97281752414379
Conceição dos Ouros,11183.0,225127.162,0.0
Cônego Marinho,7420.0,63480.188,9.969322015972638
Confins,7676.0,485731.797,0.0
Congonhal,11403.0,220410.748,0.0
Congonhas,54986.0,4115643.68,0.0
Congonhas do Norte,4927.0,49300.47,0.0
Conquista,6864.0,490137.112,944.8439763415656
Conselheiro Lafaiete,137980.0,3118548.686,0.0
Conselheiro Pena,21113.0,383878.478,0.0
Consolação,1578.0,31451.189,0.0
Contagem,649975.0,36479764.963,0.0
Coqueiral,9197.0,234166.145,0.0
Coração de Jesus,26151.0,272890.502,167.64001250679556
Cordisburgo,7592.0,146186.786,8.770764657994896
Cordislândia,3247.0,113770.022,96.95941401648557
Corinto,23996.0,612295.372,107.5249523221377
Coroaci,11200.0,125593.177,1.669827910253713
Coromandel,30013.0,1535204.592,389.9546096134953
Coronel Fabriciano,108551.0,1996018.735,24.277655672803633
Coronel Murta,8283.0,119865.218,41.09676604186801
Coronel Pacheco,2799.0,60102.28,0.0
Coronel Xavier Chaves,3586.0,90915.715,0.0
Córrego Danta,2978.0,165603.036,0.0
Córrego do Bom Jesus,4429.0,45637.727,0.0
Córrego Fundo,6310.0,320637.257,0.0
Córrego Novo,2912.0,38526.414,0.0
Couto de Magalhães de Minas,4346.0,63270.417,0.0
Crisólita,5296.0,76419.328,0.0
Cristais,12576.0,295530.147,3.5157844433354852
Cristália,5165.0,59171.307,2.9787010620267917
Cristiano Otoni,4735.0,123694.381,3.319543900629168
Cristina,10627.0,233896.019,9.298671508662014
Crucilândia,5633.0,83098.295,0.0
Cruzeiro da Fortaleza,3610.0,184042.908,0.0
Cruzília,15779.0,317748.106,0.0
Cuparaque,3994.0,74053.683,0.0
Curral de Dentro,7630.0,80452.645,64.10261868347031
Curvelo,83862.0,2230616.863,95.26002630870234
Datas,5618.0,73964.41,0.0
Delfim Moreira,8130.0,125715.38,18.20558605276751
Delfinópolis,8760.0,247245.481,6.608797426914994
Delta,11003.0,466766.615,121.38698895109917
Descoberto,5058.0,81744.574,0.0
Desterro de Entre Rios,7900.0,261204.331,0.0
Desterro do Melo,3059.0,50625.178,5.336257937038652
Diamantina,49353.0,984259.055,208.77594189413298
Diogo de Vasconcelos,3596.0,42942.07,0.0
Dionísio,6789.0,90882.554,56.85265421197772
Divinésia,4426.0,63715.452,0.0
Divino,21329.0,319461.989,0.0
Divino das Laranjeiras,4186.0,61695.255,0.0
Divinolândia de Minas,6607.0,82295.474,0.0
Divinópolis,242328.0,8331346.293,0.0
Divisa Alegre,6513.0,178208.418,31.11835214077694
Divisa Nova,5993.0,129554.517,0.0
Divisópolis,10585.0,93202.343,12.333320619960288
Dom Bosco,3767.0,69301.829,0.0
Dom Cavati,4981.0,69648.336,0.0
Dom Joaquim,5051.0,67822.666,0.0
Dom Silvério,5350.0,107931.836,0.0
Dom Viçoso,3176.0,39051.772,0.0
Dona Euzébia,6241.0,109905.25,0.0
Dores de Campos,10313.0,320214.975,0.0
Dores de Guanhães,5121.0,190682.631,2.867863129768124
Dores do Indaiá,12786.0,352231.837,69.89883571699987
Dores do Turvo,5159.0,66847.48,7.548695658472896
Doresópolis,1496.0,84133.828,2.1904961980831916
Douradoquara,1869.0,79332.811,5.572589218478195
Durandé,8038.0,122893.402,0.0
Elói Mendes,27343.0,705929.941,6.88560197908963
Engenheiro Caldas,14308.0,157033.127,0.0
Engenheiro Navarro,6411.0,92061.407,0.0
Entre Folhas,5293.0,64926.477,0.0
Entre Rios de Minas,15120.0,270226.089,0.0
Ervália,20951.0,409476.591,2.4366771595852517
Esmeraldas,91573.0,973105.45,0.0
Espera Feliz,24761.0,411020.239,0.0
Espinosa,31385.0,363981.598,25.81818559688685
Espírito Santo do Dourado,7007.0,122239.281,0.0
Estiva,11836.0,601894.385,0.0
Estrela Dalva,2204.0,42898.019,0.0
Estrela do Indaiá,2750.0,165292.078,0.0
Estrela do Sul,6926.0,351924.482,185.54730787485056
Eugenópolis,11075.0,221830.165,34.284172909268584
Ewbank da Câmara,3977.0,54363.671,0.0
Extrema,57913.0,13651225.14,0.0
Fama,2662.0,58635.081,0.0
Faria Lemos,3239.0,64377.787,0.0
Felício dos Santos,5248.0,73738.636,0.0
São Gonçalo do Rio Preto,3098.0,48754.322,0.0
Felisburgo,6592.0,75706.833,0.0
Felixlândia,14279.0,281155.264,108.91015851674686
Fernandes Tourinho,2825.0,45855.955,0.0
Ferros,9666.0,147924.141,108.52904385716103
Fervedouro,10693.0,156888.605,0.0
Florestal,8386.0,142808.925,3.3174289258506744
Formiga,70668.0,2214110.063,11.444443871614858
Formoso,8103.0,314916.613,345.8408528246906
Fortaleza de Minas,3485.0,111306.451,0.0
Fortuna de Minas,3207.0,51272.056,0.0
Francisco Badaró,7208.0,77813.502,0.0
Francisco Dumont,4564.0,75609.494,95.49092325757876
Francisco Sá,23819.0,451860.265,151.11793712017428
Franciscópolis,5062.0,102827.542,93.04210956718794
Frei Gaspar,5741.0,80106.277,16.006192834936726
Frei Inocêncio,8334.0,150489.857,0.0
Frei Lagonegro,3475.0,35559.07,2.9980574964340625
Fronteira,14909.0,935151.865,0.0
Fronteira dos Vales,4405.0,48953.206,7.87312185316282
Fruta de Leite,4607.0,47085.742,0.0
Frutal,60942.0,2473117.867,595.8052039524418
Funilândia,4886.0,83332.732,1.4392963441721696
Galiléia,6281.0,113734.445,0.0
Gameleiras,4863.0,57339.107,372.35183375083267
Glaucilândia,2991.0,41128.724,41.23025475969948
Goiabeira,2869.0,49908.236,0.0
Goianá,4190.0,62270.287,0.0
Gonçalves,4891.0,94284.947,1.6581926661081126
Gonzaga,5271.0,68973.104,0.0
Gouveia,11549.0,198923.355,0.0
Governador Valadares,266649.0,7382837.155,22.719961048322595
Grão Mogol,14091.0,770889.042,269.76335872725826
Grupiara,1426.0,44200.113,0.0
Guanhães,33434.0,996965.154,210.99979157553537
Guapé,14073.0,390783.503,26.397307054302924
Guaraciaba,9921.0,115228.39,0.0
Guaraciama,5203.0,78026.547,0.0
Guaranésia,19611.0,549336.073,0.0
Guarani,7780.0,173714.44,2.477917892178071
Guarará,3132.0,57636.132,0.0
Guarda-Mor,6684.0,750723.257,469.46752412040934
Guaxupé,52621.0,2806365.843,0.0
Guidoval,7284.0,123658.948,0.0
Guimarânia,8808.0,327235.78,25.375087916471774
Guiricema,7850.0,114431.438,3.328133901057658
Gurinhatã,5203.0,180809.039,22.376968465210627
Heliodora,6274.0,133453.974,3.530826608821067
Iapu,12486.0,176418.878,8.578355846030034
Ibertioga,5334.0,103561.239,0.0
Ibiá,22596.0,1534749.371,86.80741093218573
Ibiaí,6254.0,114963.201,77.66626028071171
Ibiracatu,5139.0,51265.028,0.0
Ibiraci,11057.0,728304.874,15.638717754890397
Ibirité,178713.0,3203506.455,0.0
Ibitiúra de Minas,3439.0,77637.614,0.0
Ibituruna,2740.0,59357.58,0.0
Icaraí de Minas,10912.0,111446.652,21.686837243899227
Igarapé,48475.0,967311.812,0.0
Igaratinga,11252.0,578190.305,0.0
Iguatama,6845.0,587430.103,45.47281328998842
Ijaci,7291.0,494881.518,0.0
Ilicínea,13171.0,265383.843,6.542758316269373
Imbé de Minas,7208.0,101173.684,0.0
Inconfidentes,7510.0,132576.425,1.3003609410842976
Indaiabira,6379.0,87311.937,44.340815469306925
Indianópolis,6309.0,875662.548,390.3673207184761
Ingaí,2633.0,115702.196,0.0
Inhapim,23000.0,404796.05,0.0
Inhaúma,6435.0,145789.494,5.285059815854728
Inimutaba,7587.0,90737.069,6.066923378624391
Ipaba,17554.0,180314.904,0.0
Ipanema,20095.0,344577.052,0.0
Ipatinga,235445.0,17609176.968,0.0
Ipiaçu,3823.0,183083.671,0.0
Ipuiúna,9299.0,188529.604,0.0
Iraí de Minas,7423.0,301550.93,2.887355073525821
Itabira,117747.0,14971929.073,0.0
Itabirinha,10560.0,136423.413,0.0
Itabirito,55877.0,13139828.428,0.0
Itacambira,4265.0,61720.789,1.8219453000466406
Itacarambi,17521.0,226363.113,547.7409180098131
Itaguara,14325.0,402464.393,0.0
Itaipé,10549.0,121601.574,0.0
Itajubá,96632.0,3288440.957,4.117485283169373
Itamarandiba,34137.0,647509.275,5.059587604581385
Itamarati de Minas,3730.0,67335.811,0.0
Itambacuri,21296.0,341051.753,52.133400814927654
Itambé do Mato Dentro,2175.0,35921.695,0.0
Itamogi,11062.0,236364.975,0.0
Itamonte,15193.0,1182177.238,0.0
Itanhandu,15684.0,470229.411,0.0
Itanhomi,11298.0,151295.731,0.0
Itaobim,19354.0,308690.477,34.235734581950204
Itapagipe,14004.0,514268.71,295.8068204839788
Itapecerica,21462.0,629194.529,4.240397673394108
Itapeva,13332.0,848635.599,3.743379600792838
Itatiaiuçu,13603.0,6934792.196,0.0
Itaú de Minas,14655.0,724265.539,0.0
Itaúna,102500.0,5084952.278,0.0
Itaverava,5752.0,71362.81,0.0
Itinga,13982.0,148257.86,185.75363033176058
Itueta,6218.0,122206.873,11.254494297687621
Ituiutaba,106397.0,3797931.79,466.61601955167964
Itumirim,6845.0,91621.644,0.0
Iturama,40011.0,2017454.893,0.0
Itutinga,4347.0,172514.573,0.0
Jaboticatubas,21214.0,297900.739,2.821009311269771
Jacinto,11169.0,131584.428,30.071471163537456
Jacuí,7663.0,150968.389,0.0
Jacutinga,26705.0,1143965.044,0.0
Jaguaraçu,3173.0,109845.21,2.8565953995335045
Jaíba,39379.0,849209.777,1359.5890850755907
Jampruca,4306.0,82539.515,0.0
Janaúba,73281.0,1603650.577,669.2037550830909
Januária,67087.0,824599.063,243.89008071558982
Japaraíba,4672.0,101337.42,3.928633917203951
Japonvar,8357.0,77422.822,8.815773916748398
Jeceaba,6428.0,1953258.616,0.0
Jenipapo de Minas,6124.0,79480.385,0.0
Jequeri,12652.0,193980.906,4.882295926510701
Jequitaí,6460.0,130473.747,32.046782102950374
Jequitibá,6098.0,126191.23,1.4392963441721696
Jequitinhonha,24509.0,274831.774,249.11609087059168
Jesuânia,5296.0,104203.604,7.802131086184535
Joaíma,14084.0,162643.746,47.99943679201054
Joanésia,4304.0,110226.932,8.610496556200752
João Monlevade,83360.0,4851241.182,0.0
João Pinheiro,48532.0,2156171.024,896.1204492735831
Joaquim Felício,3891.0,72335.229,38.11191319874986
Jordânia,10536.0,107172.301,5.063843354899956
José Gonçalves de Minas,3993.0,51745.418,0.0
José Raydan,4352.0,72338.422,10.326341377579833
Josenópolis,3607.0,58027.663,0.0
Nova União,6083.0,107517.633,0.0
Juatuba,32726.0,1437154.795,0.0
Juiz de Fora,565764.0,20297559.28,0.0
Juramento,3815.0,51608.971,0.0
Juruaia,11543.0,274109.307,0.0
Juvenília,5929.0,65632.737,102.02878403380448
Ladainha,14399.0,147329.759,6.179094455839435
Lagamar,6672.0,242527.188,14.322232393925235
Lagoa da Prata,53583.0,1986274.145,225.05972733552153
Lagoa dos Patos,3285.0,59611.044,3.2707387799091654
Lagoa Dourada,13116.0,345418.19,10.229892843510699
Lagoa Formosa,19507.0,565583.483,3.4298540991338973
Lagoa Grande,9210.0,292506.347,231.19990037794162
Lagoa Santa,79981.0,2189391.49,50.85268162114762
Lajinha,21422.0,399673.221,0.0
Lambari,20950.0,405063.763,0.0
Lamim,3226.0,52130.714,0.0
Laranjal,6042.0,95787.531,0.0
Lassance,7358.0,192541.291,254.14733222680792
Lavras,109884.0,2941930.863,0.0
Leandro Ferreira,3270.0,55510.38,0.0
Leme do Prado,4387.0,66204.533,0.0
Leopoldina,52696.0,1113026.555,42.288041084410786
Liberdade,4775.0,107638.401,0.0
Lima Duarte,17712.0,339660.356,16.654972181321707
Limeira do Oeste,9087.0,462851.239,127.51437377180653
Lontra,8968.0,93857.735,0.0
Luisburgo,7195.0,132788.73,0.0
Luislândia,6329.0,65473.851,10.220243640987086
Luminárias,5731.0,149070.368,0.0
Luz,18304.0,657024.724,44.570367113050665
Machacalis,6579.0,112451.165,0.0
Machado,38831.0,1373850.261,0.0
Madre de Deus de Minas,5341.0,301987.845,29.493067169917722
Malacacheta,17751.0,235819.04,22.76020320007972
Mamonas,6096.0,60107.096,0.0
Manga,19188.0,243370.558,182.765652489586
Manhuaçu,96545.0,3278527.106,59.29654967862212
Manhumirim,20970.0,563494.376,0.0
Mantena,27358.0,476939.715,6.576442403117436
Maravilhas,7518.0,233154.055,3.9276592069415615
Mar de Espanha,13119.0,227578.1,0.0
Maria da Fé,14557.0,203136.241,2.843227601907897
Mariana,64058.0,7367378.398,0.0
Marilac,4320.0,57718.793,6.044768042469978
Mário Campos,16546.0,197999.95,0.0
Maripá de Minas,3532.0,74979.157,2.667339227953439
Marliéria,4761.0,60449.549,4.056455541636634
Marmelópolis,3299.0,42793.691,0.0
Martinho Campos,14461.0,474771.927,0.0
Martins Soares,8725.0,215680.786,0.0
Mata Verde,9458.0,91576.89,0.0
Materlândia,3982.0,60533.919,18.786984792901304
Mateus Leme,40239.0,1079650.545,0.0
Matias Barbosa,14501.0,628204.762,0.0
Matias Cardoso,8975.0,158637.536,375.86592614346404
Matipó,19054.0,425321.565,6.165367655284941
Mato Verde,12238.0,157577.884,8.407571743803611
Matozinhos,39291.0,1506153.894,0.0
Matutina,3907.0,97194.489,0.0
Medeiros,4040.0,247329.857,147.6499896634491
Medina,20492.0,253050.631,100.38025009302012
Mendes Pimentel,5651.0,77396.23,0.0
Mercês,10609.0,151768.137,20.552599823614607
Mesquita,5038.0,59462.506,80.74520651263262
Minas Novas,24191.0,350142.236,0.0
Minduri,3815.0,163785.625,0.0
Mirabela,14029.0,163016.755,49.21645678092487
Miradouro,9026.0,174005.987,1.6262386800702309
Miraí,13922.0,334110.12,0.0
Miravânia,4011.0,46807.545,12.27485654065329
Moeda,5291.0,76841.618,0.0
Moema,7778.0,152615.014,0.0
Monjolos,2196.0,46810.817,5.914848874894364
Monsenhor Paulo,8550.0,228157.862,4.308798885902858
Montalvânia,14160.0,165415.549,14.421009292428845
Monte Alegre de Minas,20666.0,757891.676,49.73795438484151
Monte Azul,20577.0,256131.6,89.91396686752374
Monte Belo,13340.0,365890.025,0.0
Monte Carmelo,49354.0,1558715.522,204.29126592129379
Monte Formoso,4449.0,44054.664,24.553978039366076
Monte Santo de Minas,21301.0,483352.444,4.643774420422823
Montes Claros,434321.0,10800251.127,238.26417663369938
Monte Sião,24933.0,606447.925,0.0
Montezuma,6979.0,91070.653,22.067474179090752
Morada Nova de Minas,9364.0,541170.863,0.0
Morro da Garça,2438.0,51050.961,19.098071973272468
Morro do Pilar,3174.0,44118.412,0.0
Munhoz,7857.0,128562.707,0.0
Muriaé,108161.0,2655056.073,3.96985916149576
Mutum,28670.0,508583.276,0.0
Muzambinho,22527.0,535441.387,15.053526101477772
Nacip Raydan,2437.0,37386.162,0.0
Nanuque,35554.0,808599.244,0.0
Naque,6442.0,90048.43,21.448674753022722
Natalândia,3626.0,75129.22,63.114803330795446
Natércia,4800.0,115353.668,0.0
Nazareno,8390.0,668881.684,0.0
Nepomuceno,25774.0,618502.085,3.446298952655385
Ninheira,10915.0,126383.631,231.3469330048873
Nova Belém,3156.0,83427.987,0.0
Nova Era,17807.0,432890.662,10.012308460350475
Nova Lima,119142.0,21042645.561,27.329509234279207
Nova Módica,3731.0,58650.382,0.0
Nova Ponte,15113.0,1116305.097,848.016599579089
Nova Porteirinha,6780.0,116257.078,2.300409548240501
Nova Resende,16854.0,385669.16,0.0
Nova Serrana,112910.0,2635891.717,0.0
Novo Cruzeiro,27453.0,330447.377,33.20239394088495
Novo Oriente de Minas,10501.0,121570.796,6.507968479368348
Novorizonte,4630.0,70417.301,1.9461852652710294
Olaria,1986.0,31909.408,0.0
Olhos-d'Água,5520.0,211931.366,71.51818754806058
Olímpio Noronha,2616.0,43929.179,8.636523947752652
Oliveira,40552.0,1105050.646,0.0
Oliveira Fortes,2062.0,40532.048,0.0
Onça de Pitangui,3027.0,64915.46,2.700745333823431
Oratórios,5076.0,70863.711,0.0
Orizânia,8759.0,122059.387,0.0
Ouro Branco,40411.0,8842769.128,0.0
Ouro Fino,33227.0,934188.838,0.0
Ouro Preto,77601.0,9520034.932,0.0
Ouro Verde de Minas,5858.0,67813.645,386.6732483673611
Padre Carvalho,5085.0,58192.195,0.0
Padre Paraíso,17537.0,213919.495,4.9245137957475755
Paineiras,4273.0,82825.181,0.0
Pains,8341.0,531428.183,9.164907953517469
Pai Pedro,5634.0,58645.028,512.6927526768702
Paiva,1498.0,27300.805,0.0
Palma,5742.0,103673.351,5.5627392499099235
Palmópolis,6373.0,63873.542,0.0
Papagaios,14207.0,374342.746,5.935121792754286
Paracatu,98397.0,7198616.577,1703.737513507979
Pará de Minas,102033.0,4025297.487,0.0
Paraguaçu,22357.0,650753.977,14.41083430701952
Paraisópolis,21005.0,592589.517,0.0
Paraopeba,24800.0,918486.788,7.984284206314845
Passabém,1617.0,23595.314,0.0
Passa Quatro,15842.0,472422.871,0.0
Passa Tempo,8696.0,480322.268,0.0
Passa Vinte,2301.0,42087.451,0.0
Passos,116530.0,3024708.966,150.02493851029826
Patis,4863.0,55018.0,35.78495969210121
Patos de Minas,167870.0,6145130.273,196.50500146055117
Patrocínio,93852.0,3678403.581,405.8740782827789
Patrocínio do Muriaé,5735.0,116065.17,0.0
Paula Cândido,8786.0,136814.576,166.5718286325022
Paulistas,4429.0,67350.016,6.309354032156806
Pavão,8168.0,93077.579,0.0
Peçanha,17843.0,270147.941,11.733354918075634
Pedra Azul,24999.0,401447.683,97.01864447294373
Pedra Bonita,7559.0,96477.229,0.0
Pedra do Anta,3371.0,57727.371,17.551131168832452
Pedra do Indaiá,4232.0,116153.961,4.194442163888541
Pedra Dourada,2883.0,42293.097,0.0
Pedralva,10924.0,182677.511,0.0
Pedras de Maria da Cruz,10619.0,109590.225,49.56203414241407
Pedrinópolis,3404.0,204115.255,130.12630731837936
Pedro Leopoldo,64910.0,1939056.014,2.127338056661513
Pedro Teixeira,1854.0,30267.885,0.0
Pequeri,3448.0,62540.379,0.0
Pequi,4258.0,85506.463,0.0
Perdigão,12925.0,227189.699,0.0
Perdizes,17830.0,1629092.268,262.9833012897783
Perdões,21991.0,627040.664,1.6448059075788188
Periquito,6647.0,111678.275,118.25190275752381
Pescador,3587.0,47101.487,0.0
Piau,2854.0,92671.585,0.0
Piedade de Caratinga,8883.0,140777.928,0.0
Piedade de Ponte Nova,4056.0,62734.703,25.768949575592224
Piedade do Rio Grande,4697.0,110400.851,20.666316917590535
Piedade dos Gerais,5175.0,89820.775,0.0
Pimenta,8794.0,281721.612,67.05209811315893
Pingo-d'Água,4845.0,52719.504,2.7334428524558496
Pintópolis,7231.0,71218.643,27.558721922463743
Piracema,6884.0,303199.596,0.0
Pirajuba,5762.0,403824.261,6.401879572360139
Piranga,17360.0,200177.851,0.0
Piranguçu,6271.0,78368.446,0.0
Piranguinho,9451.0,136078.752,4.117485283169373
Pirapetinga,11408.0,639089.833,3.8657400355322498
Pirapora,57543.0,2875259.252,29.849920961658743
Piraúba,11958.0,200665.452,2.348441080794764
Pitangui,27734.0,741337.878,0.0
Piumhi,37742.0,1280834.783,77.66808316775484
Planura,11484.0,574327.992,0.0
Poço Fundo,16791.0,403867.297,0.0
Poços de Caldas,171533.0,8531691.913,27.643587163696647
Pocrane,8468.0,121719.058,0.0
Pompéu,32305.0,1170186.594,112.59346255421333
Ponte Nova,59569.0,2144993.646,32.933053951371946
Ponto Chique,3807.0,52075.955,40.925833478471624
Ponto dos Volantes,11077.0,122555.634,73.2203281100243
Porteirinha,38668.0,526939.238,166.2686764308589
Porto Firme,10825.0,130246.517,5.20494289453914
Poté,13751.0,168795.476,14.390662264096886
Pouso Alegre,160751.0,10720093.38,0.0
Pouso Alto,6755.0,277468.499,0.0
Prados,9327.0,229201.254,9.853577477145388
Prata,29578.0,1293340.615,57.812030918065716
Pratápolis,8551.0,228648.964,4.72309049387085
Pratinha,3673.0,154731.227,0.0
Presidente Bernardes,4883.0,67715.912,0.0
Presidente Juscelino,3493.0,49095.437,3.5558338557540927
Presidente Kubitschek,3154.0,36193.689,0.0
Presidente Olegário,19177.0,731489.197,57.395206736212614
Alto Jequitibá,8596.0,125603.822,0.0
Prudente de Morais,11940.0,203135.938,0.0
Quartel Geral,3237.0,77630.518,1.8887772463277082
Queluzito,1800.0,40046.211,0.0
Raposos,16735.0,193699.086,0.0
Raul Soares,23882.0,423414.673,82.24288754752345
Recreio,11337.0,123321.676,0.0
Reduto,8170.0,121224.903,0.0
Resende Costa,11520.0,207535.277,0.0
Resplendor,17612.0,277856.756,54.344042979101175
Ressaquinha,4641.0,373034.705,0.0
Riachinho,6890.0,157262.76,47.49184030362752
Riacho dos Machados,8886.0,532748.477,105.8101978435564
Ribeirão das Neves,344828.0,5181710.862,0.0
Ribeirão Vermelho,4201.0,105347.6,0.0
Rio Acima,10626.0,472470.728,0.0
Rio Casca,12921.0,237366.683,4.074057068574627
Rio Doce,2542.0,51873.395,12.60601462589233
Rio do Prado,4679.0,52672.968,10.399182828105669
Rio Espera,5479.0,59609.855,0.0
Rio Manso,5727.0,113745.297,0.0
Rio Novo,8689.0,120107.883,0.0
Rio Paranaíba,15143.0,906353.196,86.30617020371888
Rio Pardo de Minas,29123.0,345466.691,54.08747604050458
Rio Piracicaba,15001.0,1339301.242,0.0
Rio Pomba,17856.0,417438.677,0.0
Rio Preto,5240.0,69182.118,0.0
Rio Vermelho,12815.0,140767.632,9.134886225982944
Ritápolis,5115.0,90357.107,0.0
Rochedo de Minas,2363.0,114735.689,0.0
Rodeiro,9064.0,550096.162,0.0
Romaria,3440.0,271546.751,95.36835750544
Rosário da Limeira,4896.0,67738.8,0.0
Rubelita,5572.0,80084.942,36.918802898084394
Rubim,10575.0,111719.773,0.0
Sabará,134286.0,4201729.865,0.0
Sabinópolis,14382.0,334745.005,21.75322486320551
Sacramento,27891.0,2090986.853,755.4165462268778
Salinas,41641.0,667409.43,58.33622497302136
Salto da Divisa,6164.0,132071.636,0.0
Santa Bárbara,31756.0,1628492.771,0.0
Santa Bárbara do Leste,8737.0,111650.151,0.0
Santa Bárbara do Monte Verde,3199.0,56243.7,0.0
Santa Bárbara do Tugúrio,4262.0,70593.977,5.336257937038652
Santa Cruz de Minas,8321.0,103518.723,0.0
Santa Cruz de Salinas,3944.0,49008.925,10.363250080061743
Santa Cruz do Escalvado,4743.0,76964.899,5.689240999832851
Santa Efigênia de Minas,4067.0,51018.733,0.0
Santa Fé de Minas,3551.0,59942.126,110.27586173257642
Santa Helena de Minas,6059.0,57951.205,0.0
Santa Juliana,16568.0,860482.211,783.4119827067044
Santa Luzia,229483.0,5290589.491,0.0
Santa Margarida,16903.0,354062.561,0.0
Santa Maria de Itabira,10716.0,269042.79,2.4026416593303503
Santa Maria do Salto,4803.0,49995.492,0.0
Santa Maria do Suaçuí,12898.0,170840.241,19.794473072371048
Santana da Vargem,6781.0,242909.598,7.299300165512324
Santana de Cataguases,3553.0,49932.917,0.0
Santana de Pirapama,7079.0,116684.764,9.145856654822325
Santana do Deserto,3819.0,47378.297,0.0
Santana do Garambéu,2175.0,39157.394,34.3211798977204
Santana do Jacaré,4265.0,105993.426,0.0
Santana do Manhuaçu,9236.0,189846.288,0.0
Santana do Paraíso,48286.0,750462.52,11.540240299411925
Santana do Riacho,5579.0,103786.314,0.0
Santana dos Montes,3507.0,49865.641,0.0
Santa Rita de Caldas,8588.0,227954.673,9.492103127711694
Santa Rita de Jacutinga,4836.0,74816.659,5.7022043302649745
Santa Rita de Minas,6952.0,151813.178,0.0
Santa Rita de Ibitipoca,3344.0,61761.129,4.599511366071835
Santa Rita do Itueto,5973.0,179081.291,0.0
Santa Rita do Sapucaí,42320.0,1944614.305,282.4740596639031
Santa Rosa da Serra,3476.0,102034.375,0.0
Santa Vitória,21745.0,802690.233,1076.6537406018815
Santo Antônio do Amparo,17651.0,354432.184,4.338102204493801
Santo Antônio do Aventureiro,3881.0,67919.691,0.0
Santo Antônio do Grama,4342.0,85672.291,6.4095824398338515
Santo Antônio do Itambé,3979.0,44706.755,0.0
Santo Antônio do Jacinto,10397.0,114553.715,0.0
Santo Antônio do Monte,28358.0,843029.412,33.09027026207639
Santo Antônio do Retiro,6743.0,70749.723,1.999857720306272
Santo Antônio do Rio Abaixo,1853.0,28497.48,0.0
Santo Hipólito,2720.0,50199.813,7.598426252493395
Santos Dumont,43392.0,1102976.852,56.87213557081864
São Bento Abade,4835.0,89310.397,30.303464196429292
São Brás do Suaçuí,4133.0,80505.232,0.0
São Domingos das Dores,5778.0,91416.982,0.0
São Domingos do Prata,17771.0,313490.957,167.83266306871803
São Félix de Minas,3252.0,43894.904,0.0
São Francisco,54239.0,648147.607,69.14379789541262
São Francisco de Paula,6293.0,150480.851,0.0
São Francisco de Sales,5857.0,194087.233,157.80542060096445
São Francisco do Glória,4866.0,72566.841,0.0
São Geraldo,10517.0,264434.116,0.0
São Geraldo da Piedade,3258.0,44820.99,0.0
São Geraldo do Baixio,3175.0,49943.742,0.0
São Gonçalo do Abaeté,7521.0,325580.363,13.518030680671073
São Gonçalo do Pará,12192.0,311247.593,0.0
São Gonçalo do Rio Abaixo,12353.0,7603851.049,0.0
São Gonçalo do Sapucaí,24480.0,987544.964,55.314637662819145
São Gotardo,43309.0,1189360.386,0.0
São João Batista do Glória,7912.0,268158.43,0.0
São João da Lagoa,4950.0,60418.036,56.74173941590724
São João da Mata,3000.0,55082.405,5.239404695640027
São João da Ponte,24269.0,268895.024,444.57203651494615
São João das Missões,13467.0,92400.054,167.64698853301715
São João del Rei,94062.0,3005052.222,45.4234616438714
São João do Manhuaçu,11614.0,183099.286,20.12649984503787
São João do Manteninha,5468.0,81243.442,0.0
São João do Oriente,7139.0,101876.527,0.0
São João do Pacuí,4052.0,44645.746,10.845641612326137
São João do Paraíso,24604.0,285079.902,344.8652974909379
São João Evangelista,15617.0,253107.892,8.396197565098259
São João Nepomuceno,26478.0,506309.143,213.07961488560383
São Joaquim de Bicas,36496.0,1083353.544,0.0
São José da Barra,8084.0,891476.488,0.0
São José da Lapa,27710.0,625195.139,0.0
São José da Safira,3861.0,49559.719,5.762075829117259
São José da Varginha,4677.0,114407.082,0.0
São José do Alegre,4242.0,57939.962,273.2226337818829
São José do Divino,3501.0,53045.8,0.0
São José do Goiabal,5492.0,67387.909,27.765416808262643
São José do Jacuri,6298.0,99910.93,12.951023863901106
São José do Mantimento,2834.0,44174.779,0.0
São Lourenço,46653.0,1177922.243,0.0
São Miguel do Anta,6430.0,105088.829,4.61537900340839
São Pedro da União,4979.0,148165.857,1.829517582924543
São Pedro dos Ferros,7194.0,134410.328,602.0066672247764
São Pedro do Suaçuí,5166.0,81787.202,5.233573987981602
São Romão,10553.0,243120.784,350.8141290504353
São Roque de Minas,7341.0,323185.261,68.60734102713559
São Sebastião da Bela Vista,6694.0,443000.18,0.0
São Sebastião da Vargem Alegre,3219.0,66815.528,0.0
São Sebastião do Anta,6386.0,104241.098,0.0
São Sebastião do Maranhão,10244.0,100816.34,20.467196949975218
São Sebastião do Oeste,9355.0,597003.412,6.269989904241199
São Sebastião do Paraíso,74742.0,2236521.488,4.048494003676704
São Sebastião do Rio Preto,1248.0,25970.279,0.0
São Sebastião do Rio Verde,2373.0,35692.439,1.8584619660259398
São Tiago,11517.0,246093.822,0.0
São Tomás de Aquino,6853.0,195273.023,6.644374127073554
São Tomé das Letras,7089.0,137362.237,0.0
São Vicente de Minas,6935.0,206109.749,0.0
Sapucaí-Mirim,6462.0,110272.437,34.99941947278457
Sardoá,5164.0,68801.504,5.522648540910524
Sarzedo,39327.0,2190992.383,0.0
Setubinha,10032.0,122685.964,5.917639186556059
Sem-Peixe,2441.0,36664.705,10.122150394454549
Senador Amaral,6458.0,89447.552,0.0
Senador Cortes,2319.0,38034.888,0.0
Senador Firmino,7945.0,106777.109,0.0
Senador José Bento,2137.0,35496.339,0.0
Senador Modestino Gonçalves,4035.0,92207.161,71.79651379928545
Senhora de Oliveira,5584.0,81083.282,8.068198696549532
Senhora do Porto,3088.0,49778.086,2.5943931329927006
Senhora dos Remédios,10640.0,115769.112,32.21305738205056
Sericita,7536.0,104984.619,0.0
Seritinga,1864.0,45231.763,0.0
Serra Azul de Minas,3829.0,45065.797,0.0
Serra da Saudade,854.0,21890.558,0.0
Serra dos Aimorés,6936.0,91034.033,0.0
Serra do Salitre,12210.0,983221.689,16.431998295801467
Serrania,7802.0,161647.365,4.4204491041393075
Serranópolis de Minas,4496.0,47456.285,1.7178763558602212
Serranos,2035.0,38562.023,0.0
Serro,22550.0,292439.578,0.0
Sete Lagoas,237931.0,12659739.89,0.0
Silveirânia,2391.0,35150.316,7.892779660471835
Silvianópolis,6336.0,141555.673,0.0
Simão Pereira,3060.0,104072.261,0.0
Simonésia,20339.0,285286.536,0.0
Sobrália,5175.0,67372.791,0.0
Soledade de Minas,5733.0,81877.121,0.0
Tabuleiro,4098.0,65731.176,0.0
Taiobeiras,34392.0,557419.252,91.242137741501
Taparuba,3492.0,49070.262,0.0
Tapira,4212.0,689238.387,4.412973481751078
Tapiraí,1707.0,56040.744,0.0
Taquaraçu de Minas,4368.0,65922.805,0.0
Tarumirim,15072.0,188341.121,0.0
Teixeiras,12634.0,191322.291,2.052109085371212
Teófilo Otoni,142571.0,2951670.488,87.89220324390405
Timóteo,84087.0,5611338.764,3.693272205345603
Tiradentes,8008.0,205707.337,0.0
Tiros,8172.0,379858.774,0.0
Tocantins,16574.0,349691.358,9.299191860879567
Tocos do Moji,3899.0,70719.247,0.0
Toledo,7541.0,107160.56,0.0
Tombos,8699.0,130979.254,0.0
Três Corações,78079.0,2959361.221,578.7591119501583
Três Marias,29927.0,3151633.367,111.40351858147147
Três Pontas,57086.0,1879263.744,19.888567972907676
Tumiritinga,5973.0,82915.463,0.0
Tupaciguara,26482.0,946559.143,13.194032920047148
Turmalina,20650.0,443706.354,0.0
Turvolândia,5078.0,139819.527,0.0
Ubá,107222.0,3573939.502,0.0
Ubaí,11977.0,117219.271,38.15084913771304
Ubaporanga,13423.0,167990.879,0.0
Uberaba,354142.0,20397519.225,1181.7314561556243
Uberlândia,754954.0,43129284.919,763.411765339382
Umburatiba,2742.0,44171.81,0.0
Unaí,90724.0,4319562.621,577.1173359010791
União de Minas,3848.0,130423.701,119.84018785554338
Uruana de Minas,3360.0,97097.021,52.03700049857555
Urucânia,10875.0,239997.219,59.80245114033302
Urucuia,18291.0,193241.664,104.8546412436591
Vargem Alegre,5834.0,77331.436,17.555177102113294
Vargem Bonita,2206.0,87636.808,9.181808204886273
Vargem Grande do Rio Pardo,4727.0,68129.697,2.885497529169956
Varginha,142802.0,8093809.939,3.2043896038978574
Varjão de Minas,7243.0,316198.895,22.846971271925085
Várzea da Palma,34639.0,1067612.933,143.75597767827017
Varzelândia,19214.0,187205.616,38.94174739060721
Vazante,20433.0,1168648.213,87.77175838835838
Verdelândia,7770.0,115451.215,315.77332026765805
Veredinha,5257.0,133052.093,0.0
Veríssimo,3480.0,170434.404,0.0
Vermelho Novo,5034.0,64216.338,2.6199769059808355
Vespasiano,136826.0,3020537.007,0.0
Viçosa,79221.0,1811858.634,2.052109085371212
Vieiras,3780.0,53459.002,0.0
Mathias Lobato,3069.0,43930.813,0.0
Virgem da Lapa,11867.0,131603.761,0.0
Virgínia,9142.0,180445.726,0.0
Virginópolis,10519.0,183952.719,8.623067202738818
Virgolândia,4530.0,62673.559,14.274902695833406
Visconde do Rio Branco,40608.0,1351678.582,0.0
Volta Grande,4473.0,140360.687,6.823696247527272
Wenceslau Braz,2387.0,33088.471,0.0
