municipio,populacao,PIB
Abadia dos Dourados,6365.0,176773.658
Abaeté,23161.0,541239.206
Abre Campo,14312.0,262686.538
Acaiaca,3997.0,64907.018
Açucena,8995.0,165823.625
Água Boa,12545.0,192074.169
Água Comprida,2165.0,229830.864
Aguanil,4490.0,94614.885
Águas Formosas,18841.0,287599.466
Águas Vermelhas,14486.0,236648.589
Aimorés,26165.0,638010.261
Aiuruoca,6382.0,128548.904
Alagoa,2816.0,47717.043
Albertina,3023.0,153961.137
Além Paraíba,31333.0,971810.323
Alfenas,81950.0,3485866.713
Alfredo Vasconcelos,7184.0,150663.068
Almenara,41894.0,674899.706
Alpercata,7029.0,94596.97
Alpinópolis,18672.0,524217.704
Alterosa,14253.0,296524.613
Alto Caparaó,5982.0,97111.413
Alto Rio Doce,10994.0,180131.854
Alvarenga,4012.0,54647.953
Alvinópolis,15360.0,340215.442
Alvorada de Minas,4322.0,64854.954
Amparo do Serra,4595.0,55925.546
Andradas,42282.0,1183812.146
Cachoeira de Pajeú,9333.0,125598.21
Andrelândia,12169.0,291936.906
Angelândia,7860.0,144540.822
Antônio Carlos,11345.0,241904.112
Antônio Dias,9388.0,894623.501
Antônio Prado de Minas,1558.0,28570.863
Araçaí,2224.0,59997.818
Aracitaba,2095.0,31361.546
Araçuaí,35250.0,520019.061
Araguari,122874.0,5837822.895
Arantina,2991.0,88541.803
Araponga,8218.0,122295.534
Araporã,8935.0,1294616.067
Arapuá,2674.0,172815.559
Araújos,9556.0,474337.16
Araxá,117677.0,8950862.76
Arceburgo,9348.0,346704.206
Arcos,43348.0,2346520.112
Areado,14212.0,309348.258
Argirita,2725.0,40091.914
Aricanduva,4820.0,67083.989
Arinos,17598.0,318619.595
Astolfo Dutra,14565.0,292035.399
Ataléia,13967.0,199016.142
Augusto de Lima,4593.0,89041.12
Baependi,18768.0,381042.347
Baldim,7614.0,201276.81
Bambuí,24144.0,780013.333
Bandeira,4821.0,59115.718
Bandeira do Sul,6146.0,86583.393
Barão de Cocais,32095.0,2439013.388
Barão de Monte Alto,4991.0,63114.535
Barbacena,129630.0,3523134.929
Barra Longa,5740.0,81927.458
Barroso,20566.0,608920.777
Bela Vista de Minas,10412.0,568259.822
Belmiro Braga,3299.0,61570.579
Belo Horizonte,2416339.0,105829675.053
Belo Oriente,24503.0,2114721.515
Belo Vale,8946.0,279905.901
Berilo,9769.0,112831.874
Bertópolis,4546.0,53791.989
Berizal,4277.0,61025.776
Betim,429236.0,33132919.131
Bias Fortes,3388.0,41578.45
Bicas,14331.0,277609.017
Biquinhas,2409.0,64479.065
Boa Esperança,41332.0,1058550.132
Bocaina de Minas,5508.0,80220.794
Bocaiúva,49668.0,1225284.399
Bom Despacho,53995.0,1814096.238
Bom Jardim de Minas,6968.0,127773.881
Bom Jesus da Penha,4642.0,196095.721
Bom Jesus do Amparo,5775.0,160334.117
Bom Jesus do Galho,14756.0,171128.461
Bom Repouso,13183.0,160231.561
Bom Sucesso,17510.0,445077.839
Bonfim,7672.0,135482.47
Bonfinópolis de Minas,5615.0,458718.721
Bonito de Minas,10491.0,101039.237
Borda da Mata,17811.0,374864.649
Botelhos,15137.0,325925.798
Botumirim,5841.0,75752.999
Brasilândia de Minas,15432.0,415094.748
Brasília de Minas,33188.0,377425.427
Brás Pires,4314.0,50032.229
Braúnas,4475.0,213083.99
Brazópolis,14506.0,198031.999
Brumadinho,40777.0,4624938.325
Bueno Brandão,11161.0,240738.442
Buenópolis,9229.0,180724.998
Bugre,4149.0,47558.457
Buritis,24693.0,1164015.292
Buritizeiro,24068.0,736130.19
Cabeceira Grande,6797.0,477388.255
Cabo Verde,11396.0,290842.69
Cachoeira da Prata,3781.0,51864.184
Cachoeira de Minas,12248.0,537009.365
Cachoeira Dourada,2346.0,269619.371
Caetanópolis,11832.0,315264.292
Caeté,39850.0,1074938.139
Caiana,5463.0,88655.637
Cajuri,4186.0,97321.404
Caldas,14588.0,337663.037
Camacho,2867.0,70874.017
Camanducaia,27551.0,990372.51
Cambuí,30870.0,1865719.031
Cambuquira,12560.0,370862.016
Campanário,2917.0,53463.895
Campanha,16334.0,439876.708
Campestre,21143.0,486392.176
Campina Verde,18250.0,536834.437
Campo Azul,3802.0,40661.5
Campo Belo,53943.0,1244646.672
Campo do Meio,11624.0,231132.103
Campo Florido,8838.0,710907.242
Campos Altos,13136.0,434286.465
Campos Gerais,26809.0,704549.965
Canaã,4832.0,77460.174
Canápolis,10755.0,678011.968
Cana Verde,5356.0,80137.709
Candeias,14236.0,371149.374
Cantagalo,4039.0,56760.891
Caparaó,5144.0,97624.36
Capela Nova,4416.0,62475.896
Capelinha,41536.0,888063.358
Capetinga,6652.0,207279.537
Capim Branco,11105.0,123379.12
Capinópolis,14899.0,666601.289
Capitão Andrade,4650.0,60812.622
Capitão Enéas,14401.0,501517.827
Capitólio,10863.0,328449.372
Caputira,9128.0,143750.97
Caraí,19654.0,210428.036
Caranaíba,2960.0,41483.206
Carandaí,24368.0,751899.12
Carangola,32165.0,639260.235
Caratinga,90687.0,2283288.08
Carbonita,8633.0,220681.956
Careaçu,7029.0,174196.694
Carlos Chagas,18852.0,474792.026
Carmésia,2682.0,39788.307
Carmo da Cachoeira,11776.0,321642.557
Carmo da Mata,11279.0,265730.041
Carmo de Minas,14114.0,290443.145
Carmo do Cajuru,24376.0,629040.312
Carmo do Paranaíba,29899.0,1060224.385
Carmo do Rio Claro,21464.0,694617.337
Carmópolis de Minas,18498.0,461604.433
Carneirinho,9630.0,407481.017
Carrancas,4153.0,177651.275
Carvalhópolis,3417.0,71386.916
Carvalhos,4507.0,80637.898
Casa Grande,2260.0,69241.195
Cascalho Rico,2757.0,80003.577
Cássia,17495.0,436434.833
Conceição da Barra de Minas,3596.0,68733.474
Cataguases,67872.0,1651609.202
Catas Altas,5668.0,5032357.626
Catas Altas da Noruega,3141.0,40793.291
Catuji,7226.0,83288.861
Catuti,4805.0,56843.974
Caxambu,21436.0,371034.549
Cedro do Abaeté,1091.0,22406.179
Central de Minas,6243.0,87070.842
Centralina,10440.0,351070.311
Chácara,3177.0,47151.271
Chalé,6261.0,114181.174
Chapada do Norte,10024.0,111127.088
Chapada Gaúcha,12810.0,403117.777
Chiador,2865.0,37253.468
Cipotânea,5599.0,73305.794
Claraval,4777.0,182017.064
Claro dos Poções,7259.0,83730.399
Cláudio,31665.0,1118679.534
Coimbra,7285.0,139845.278
Coluna,8251.0,121196.119
Comendador Gomes,2813.0,154809.443
Comercinho,6627.0,68128.54
Conceição da Aparecida,10668.0,274176.557
Conceição das Pedras,2837.0,61042.857
Conceição das Alagoas,29949.0,1318366.994
Conceição de Ipanema,4503.0,81015.659
Conceição do Mato Dentro,24254.0,9051035.533
Conceição do Pará,5567.0,494122.167
Conceição do Rio Verde,12780.0,343578.476
Conceição dos Ouros,11183.0,225127.162
Cônego Marinho,7420.0,63480.188
Confins,7676.0,485731.797
Congonhal,11403.0,220410.748
Congonhas,54986.0,4115643.68
Congonhas do Norte,4927.0,49300.47
Conquista,6864.0,490137.112
Conselheiro Lafaiete,137980.0,3118548.686
Conselheiro Pena,21113.0,383878.478
Consolação,1578.0,31451.189
Contagem,649975.0,36479764.963
Coqueiral,9197.0,234166.145
Coração de Jesus,26151.0,272890.502
Cordisburgo,7592.0,146186.786
Cordislândia,3247.0,113770.022
Corinto,23996.0,612295.372
Coroaci,11200.0,125593.177
Coromandel,30013.0,1535204.592
Coronel Fabriciano,108551.0,1996018.735
Coronel Murta,8283.0,119865.218
Coronel Pacheco,2799.0,60102.28
Coronel Xavier Chaves,3586.0,90915.715
Córrego Danta,2978.0,165603.036
Córrego do Bom Jesus,4429.0,45637.727
Córrego Fundo,6310.0,320637.257
Córrego Novo,2912.0,38526.414
Couto de Magalhães de Minas,4346.0,63270.417
Crisólita,5296.0,76419.328
Cristais,12576.0,295530.147
Cristália,5165.0,59171.307
Cristiano Otoni,4735.0,123694.381
Cristina,10627.0,233896.019
Crucilândia,5633.0,83098.295
Cruzeiro da Fortaleza,3610.0,184042.908
Cruzília,15779.0,317748.106
Cuparaque,3994.0,74053.683
Curral de Dentro,7630.0,80452.645
Curvelo,83862.0,2230616.863
Datas,5618.0,73964.41
Delfim Moreira,8130.0,125715.38
Delfinópolis,8760.0,247245.481
Delta,11003.0,466766.615
Descoberto,5058.0,81744.574
Desterro de Entre Rios,7900.0,261204.331
Desterro do Melo,3059.0,50625.178
Diamantina,49353.0,984259.055
Diogo de Vasconcelos,3596.0,42942.07
Dionísio,6789.0,90882.554
Divinésia,4426.0,63715.452
Divino,21329.0,319461.989
Divino das Laranjeiras,4186.0,61695.255
Divinolândia de Minas,6607.0,82295.474
Divinópolis,242328.0,8331346.293
Divisa Alegre,6513.0,178208.418
Divisa Nova,5993.0,129554.517
Divisópolis,10585.0,93202.343
Dom Bosco,3767.0,69301.829
Dom Cavati,4981.0,69648.336
Dom Joaquim,5051.0,67822.666
Dom Silvério,5350.0,107931.836
Dom Viçoso,3176.0,39051.772
Dona Euzébia,6241.0,109905.25
Dores de Campos,10313.0,320214.975
Dores de Guanhães,5121.0,190682.631
Dores do Indaiá,12786.0,352231.837
Dores do Turvo,5159.0,66847.48
Doresópolis,1496.0,84133.828
Douradoquara,1869.0,79332.811
Durandé,8038.0,122893.402
Elói Mendes,27343.0,705929.941
Engenheiro Caldas,14308.0,157033.127
Engenheiro Navarro,6411.0,92061.407
Entre Folhas,5293.0,64926.477
Entre Rios de Minas,15120.0,270226.089
Ervália,20951.0,409476.591
Esmeraldas,91573.0,973105.45
Espera Feliz,24761.0,411020.239
Espinosa,31385.0,363981.598
Espírito Santo do Dourado,7007.0,122239.281
Estiva,11836.0,601894.385
Estrela Dalva,2204.0,42898.019
Estrela do Indaiá,2750.0,165292.078
Estrela do Sul,6926.0,351924.482
Eugenópolis,11075.0,221830.165
Ewbank da Câmara,3977.0,54363.671
Extrema,57913.0,13651225.14
Fama,2662.0,58635.081
Faria Lemos,3239.0,64377.787
Felício dos Santos,5248.0,73738.636
São Gonçalo do Rio Preto,3098.0,48754.322
Felisburgo,6592.0,75706.833
Felixlândia,14279.0,281155.264
Fernandes Tourinho,2825.0,45855.955
Ferros,9666.0,147924.141
Fervedouro,10693.0,156888.605
Florestal,8386.0,142808.925
Formiga,70668.0,2214110.063
Formoso,8103.0,314916.613
Fortaleza de Minas,3485.0,111306.451
Fortuna de Minas,3207.0,51272.056
Francisco Badaró,7208.0,77813.502
Francisco Dumont,4564.0,75609.494
Francisco Sá,23819.0,451860.265
Franciscópolis,5062.0,102827.542
Frei Gaspar,5741.0,80106.277
Frei Inocêncio,8334.0,150489.857
Frei Lagonegro,3475.0,35559.07
Fronteira,14909.0,935151.865
Fronteira dos Vales,4405.0,48953.206
Fruta de Leite,4607.0,47085.742
Frutal,60942.0,2473117.867
Funilândia,4886.0,83332.732
Galiléia,6281.0,113734.445
Gameleiras,4863.0,57339.107
Glaucilândia,2991.0,41128.724
Goiabeira,2869.0,49908.236
Goianá,4190.0,62270.287
Gonçalves,4891.0,94284.947
Gonzaga,5271.0,68973.104
Gouveia,11549.0,198923.355
Governador Valadares,266649.0,7382837.155
Grão Mogol,14091.0,770889.042
Grupiara,1426.0,44200.113
Guanhães,33434.0,996965.154
Guapé,14073.0,390783.503
Guaraciaba,9921.0,115228.39
Guaraciama,5203.0,78026.547
Guaranésia,19611.0,549336.073
Guarani,7780.0,173714.44
Guarará,3132.0,57636.132
Guarda-Mor,6684.0,750723.257
Guaxupé,52621.0,2806365.843
Guidoval,7284.0,123658.948
Guimarânia,8808.0,327235.78
Guiricema,7850.0,114431.438
Gurinhatã,5203.0,180809.039
Heliodora,6274.0,133453.974
Iapu,12486.0,176418.878
Ibertioga,5334.0,103561.239
Ibiá,22596.0,1534749.371
Ibiaí,6254.0,114963.201
Ibiracatu,5139.0,51265.028
Ibiraci,11057.0,728304.874
Ibirité,178713.0,3203506.455
Ibitiúra de Minas,3439.0,77637.614
Ibituruna,2740.0,59357.58
Icaraí de Minas,10912.0,111446.652
Igarapé,48475.0,967311.812
Igaratinga,11252.0,578190.305
Iguatama,6845.0,587430.103
Ijaci,7291.0,494881.518
Ilicínea,13171.0,265383.843
Imbé de Minas,7208.0,101173.684
Inconfidentes,7510.0,132576.425
Indaiabira,6379.0,87311.937
Indianópolis,6309.0,875662.548
Ingaí,2633.0,115702.196
Inhapim,23000.0,404796.05
Inhaúma,6435.0,145789.494
Inimutaba,7587.0,90737.069
Ipaba,17554.0,180314.904
Ipanema,20095.0,344577.052
Ipatinga,235445.0,17609176.968
Ipiaçu,3823.0,183083.671
Ipuiúna,9299.0,188529.604
Iraí de Minas,7423.0,301550.93
Itabira,117747.0,14971929.073
Itabirinha,10560.0,136423.413
Itabirito,55877.0,13139828.428
Itacambira,4265.0,61720.789
Itacarambi,17521.0,226363.113
Itaguara,14325.0,402464.393
Itaipé,10549.0,121601.574
Itajubá,96632.0,3288440.957
Itamarandiba,34137.0,647509.275
Itamarati de Minas,3730.0,67335.811
Itambacuri,21296.0,341051.753
Itambé do Mato Dentro,2175.0,35921.695
Itamogi,11062.0,236364.975
Itamonte,15193.0,1182177.238
Itanhandu,15684.0,470229.411
Itanhomi,11298.0,151295.731
Itaobim,19354.0,308690.477
Itapagipe,14004.0,514268.71
Itapecerica,21462.0,629194.529
Itapeva,13332.0,848635.599
Itatiaiuçu,13603.0,6934792.196
Itaú de Minas,14655.0,724265.539
Itaúna,102500.0,5084952.278
Itaverava,5752.0,71362.81
Itinga,13982.0,148257.86
Itueta,6218.0,122206.873
Ituiutaba,106397.0,3797931.79
Itumirim,6845.0,91621.644
Iturama,40011.0,2017454.893
Itutinga,4347.0,172514.573
Jaboticatubas,21214.0,297900.739
Jacinto,11169.0,131584.428
Jacuí,7663.0,150968.389
Jacutinga,26705.0,1143965.044
Jaguaraçu,3173.0,109845.21
Jaíba,39379.0,849209.777
Jampruca,4306.0,82539.515
Janaúba,73281.0,1603650.577
Januária,67087.0,824599.063
Japaraíba,4672.0,101337.42
Japonvar,8357.0,77422.822
Jeceaba,6428.0,1953258.616
Jenipapo de Minas,6124.0,79480.385
Jequeri,12652.0,193980.906
Jequitaí,6460.0,130473.747
Jequitibá,6098.0,126191.23
Jequitinhonha,24509.0,274831.774
Jesuânia,5296.0,104203.604
Joaíma,14084.0,162643.746
Joanésia,4304.0,110226.932
João Monlevade,83360.0,4851241.182
João Pinheiro,48532.0,2156171.024
Joaquim Felício,3891.0,72335.229
Jordânia,10536.0,107172.301
José Gonçalves de Minas,3993.0,51745.418
José Raydan,4352.0,72338.422
Josenópolis,3607.0,58027.663
Nova União,6083.0,107517.633
Juatuba,32726.0,1437154.795
Juiz de Fora,565764.0,20297559.28
Juramento,3815.0,51608.971
Juruaia,11543.0,274109.307
Juvenília,5929.0,65632.737
Ladainha,14399.0,147329.759
Lagamar,6672.0,242527.188
Lagoa da Prata,53583.0,1986274.145
Lagoa dos Patos,3285.0,59611.044
Lagoa Dourada,13116.0,345418.19
Lagoa Formosa,19507.0,565583.483
Lagoa Grande,9210.0,292506.347
Lagoa Santa,79981.0,2189391.49
Lajinha,21422.0,399673.221
Lambari,20950.0,405063.763
Lamim,3226.0,52130.714
Laranjal,6042.0,95787.531
Lassance,7358.0,192541.291
Lavras,109884.0,2941930.863
Leandro Ferreira,3270.0,55510.38
Leme do Prado,4387.0,66204.533
Leopoldina,52696.0,1113026.555
Liberdade,4775.0,107638.401
Lima Duarte,17712.0,339660.356
Limeira do Oeste,9087.0,462851.239
Lontra,8968.0,93857.735
Luisburgo,7195.0,132788.73
Luislândia,6329.0,65473.851
Luminárias,5731.0,149070.368
Luz,18304.0,657024.724
Machacalis,6579.0,112451.165
Machado,38831.0,1373850.261
Madre de Deus de Minas,5341.0,301987.845
Malacacheta,17751.0,235819.04
Mamonas,6096.0,60107.096
Manga,19188.0,243370.558
Manhuaçu,96545.0,3278527.106
Manhumirim,20970.0,563494.376
Mantena,27358.0,476939.715
Maravilhas,7518.0,233154.055
Mar de Espanha,13119.0,227578.1
Maria da Fé,14557.0,203136.241
Mariana,64058.0,7367378.398
Marilac,4320.0,57718.793
Mário Campos,16546.0,197999.95
Maripá de Minas,3532.0,74979.157
Marliéria,4761.0,60449.549
Marmelópolis,3299.0,42793.691
Martinho Campos,14461.0,474771.927
Martins Soares,8725.0,215680.786
Mata Verde,9458.0,91576.89
Materlândia,3982.0,60533.919
Mateus Leme,40239.0,1079650.545
Matias Barbosa,14501.0,628204.762
Matias Cardoso,8975.0,158637.536
Matipó,19054.0,425321.565
Mato Verde,12238.0,157577.884
Matozinhos,39291.0,1506153.894
Matutina,3907.0,97194.489
Medeiros,4040.0,247329.857
Medina,20492.0,253050.631
Mendes Pimentel,5651.0,77396.23
Mercês,10609.0,151768.137
Mesquita,5038.0,59462.506
Minas Novas,24191.0,350142.236
Minduri,3815.0,163785.625
Mirabela,14029.0,163016.755
Miradouro,9026.0,174005.987
Miraí,13922.0,334110.12
Miravânia,4011.0,46807.545
Moeda,5291.0,76841.618
Moema,7778.0,152615.014
Monjolos,2196.0,46810.817
Monsenhor Paulo,8550.0,228157.862
Montalvânia,14160.0,165415.549
Monte Alegre de Minas,20666.0,757891.676
Monte Azul,20577.0,256131.6
Monte Belo,13340.0,365890.025
Monte Carmelo,49354.0,1558715.522
Monte Formoso,4449.0,44054.664
Monte Santo de Minas,21301.0,483352.444
Montes Claros,434321.0,10800251.127
Monte Sião,24933.0,606447.925
Montezuma,6979.0,91070.653
Morada Nova de Minas,9364.0,541170.863
Morro da Garça,2438.0,51050.961
Morro do Pilar,3174.0,44118.412
Munhoz,7857.0,128562.707
Muriaé,108161.0,2655056.073
Mutum,28670.0,508583.276
Muzambinho,22527.0,535441.387
Nacip Raydan,2437.0,37386.162
Nanuque,35554.0,808599.244
Naque,6442.0,90048.43
Natalândia,3626.0,75129.22
Natércia,4800.0,115353.668
Nazareno,8390.0,668881.684
Nepomuceno,25774.0,618502.085
Ninheira,10915.0,126383.631
Nova Belém,3156.0,83427.987
Nova Era,17807.0,432890.662
Nova Lima,119142.0,21042645.561
Nova Módica,3731.0,58650.382
Nova Ponte,15113.0,1116305.097
Nova Porteirinha,6780.0,116257.078
Nova Resende,16854.0,385669.16
Nova Serrana,112910.0,2635891.717
Novo Cruzeiro,27453.0,330447.377
Novo Oriente de Minas,10501.0,121570.796
Novorizonte,4630.0,70417.301
Olaria,1986.0,31909.408
Olhos-d'Água,5520.0,211931.366
Olímpio Noronha,2616.0,43929.179
Oliveira,40552.0,1105050.646
Oliveira Fortes,2062.0,40532.048
Onça de Pitangui,3027.0,64915.46
Oratórios,5076.0,70863.711
Orizânia,8759.0,122059.387
Ouro Branco,40411.0,8842769.128
Ouro Fino,33227.0,934188.838
Ouro Preto,77601.0,9520034.932
Ouro Verde de Minas,5858.0,67813.645
Padre Carvalho,5085.0,58192.195
Padre Paraíso,17537.0,213919.495
Paineiras,4273.0,82825.181
Pains,8341.0,531428.183
Pai Pedro,5634.0,58645.028
Paiva,1498.0,27300.805
Palma,5742.0,103673.351
Palmópolis,6373.0,63873.542
Papagaios,14207.0,374342.746
Paracatu,98397.0,7198616.577
Pará de Minas,102033.0,4025297.487
Paraguaçu,22357.0,650753.977
Paraisópolis,21005.0,592589.517
Paraopeba,24800.0,918486.788
Passabém,1617.0,23595.314
Passa Quatro,15842.0,472422.871
Passa Tempo,8696.0,480322.268
Passa Vinte,2301.0,42087.451
Passos,116530.0,3024708.966
Patis,4863.0,55018.0
Patos de Minas,167870.0,6145130.273
Patrocínio,93852.0,3678403.581
Patrocínio do Muriaé,5735.0,116065.17
Paula Cândido,8786.0,136814.576
Paulistas,4429.0,67350.016
Pavão,8168.0,93077.579
Peçanha,17843.0,270147.941
Pedra Azul,24999.0,401447.683
Pedra Bonita,7559.0,96477.229
Pedra do Anta,3371.0,57727.371
Pedra do Indaiá,4232.0,116153.961
Pedra Dourada,2883.0,42293.097
Pedralva,10924.0,182677.511
Pedras de Maria da Cruz,10619.0,109590.225
Pedrinópolis,3404.0,204115.255
Pedro Leopoldo,64910.0,1939056.014
Pedro Teixeira,1854.0,30267.885
Pequeri,3448.0,62540.379
Pequi,4258.0,85506.463
Perdigão,12925.0,227189.699
Perdizes,17830.0,1629092.268
Perdões,21991.0,627040.664
Periquito,6647.0,111678.275
Pescador,3587.0,47101.487
Piau,2854.0,92671.585
Piedade de Caratinga,8883.0,140777.928
Piedade de Ponte Nova,4056.0,62734.703
Piedade do Rio Grande,4697.0,110400.851
Piedade dos Gerais,5175.0,89820.775
Pimenta,8794.0,281721.612
Pingo-d'Água,4845.0,52719.504
Pintópolis,7231.0,71218.643
Piracema,6884.0,303199.596
Pirajuba,5762.0,403824.261
Piranga,17360.0,200177.851
Piranguçu,6271.0,78368.446
Piranguinho,9451.0,136078.752
Pirapetinga,11408.0,639089.833
Pirapora,57543.0,2875259.252
Piraúba,11958.0,200665.452
Pitangui,27734.0,741337.878
Piumhi,37742.0,1280834.783
Planura,11484.0,574327.992
Poço Fundo,16791.0,403867.297
Poços de Caldas,171533.0,8531691.913
Pocrane,8468.0,121719.058
Pompéu,32305.0,1170186.594
Ponte Nova,59569.0,2144993.646
Ponto Chique,3807.0,52075.955
Ponto dos Volantes,11077.0,122555.634
Porteirinha,38668.0,526939.238
Porto Firme,10825.0,130246.517
Poté,13751.0,168795.476
Pouso Alegre,160751.0,10720093.38
Pouso Alto,6755.0,277468.499
Prados,9327.0,229201.254
Prata,29578.0,1293340.615
Pratápolis,8551.0,228648.964
Pratinha,3673.0,154731.227
Presidente Bernardes,4883.0,67715.912
Presidente Juscelino,3493.0,49095.437
Presidente Kubitschek,3154.0,36193.689
Presidente Olegário,19177.0,731489.197
Alto Jequitibá,8596.0,125603.822
Prudente de Morais,11940.0,203135.938
Quartel Geral,3237.0,77630.518
Queluzito,1800.0,40046.211
Raposos,16735.0,193699.086
Raul Soares,23882.0,423414.673
Recreio,11337.0,123321.676
Reduto,8170.0,121224.903
Resende Costa,11520.0,207535.277
Resplendor,17612.0,277856.756
Ressaquinha,4641.0,373034.705
Riachinho,6890.0,157262.76
Riacho dos Machados,8886.0,532748.477
Ribeirão das Neves,344828.0,5181710.862
Ribeirão Vermelho,4201.0,105347.6
Rio Acima,10626.0,472470.728
Rio Casca,12921.0,237366.683
Rio Doce,2542.0,51873.395
Rio do Prado,4679.0,52672.968
Rio Espera,5479.0,59609.855
Rio Manso,5727.0,113745.297
Rio Novo,8689.0,120107.883
Rio Paranaíba,15143.0,906353.196
Rio Pardo de Minas,29123.0,345466.691
Rio Piracicaba,15001.0,1339301.242
Rio Pomba,17856.0,417438.677
Rio Preto,5240.0,69182.118
Rio Vermelho,12815.0,140767.632
Ritápolis,5115.0,90357.107
Rochedo de Minas,2363.0,114735.689
Rodeiro,9064.0,550096.162
Romaria,3440.0,271546.751
Rosário da Limeira,4896.0,67738.8
Rubelita,5572.0,80084.942
Rubim,10575.0,111719.773
Sabará,134286.0,4201729.865
Sabinópolis,14382.0,334745.005
Sacramento,27891.0,2090986.853
Salinas,41641.0,667409.43
Salto da Divisa,6164.0,132071.636
Santa Bárbara,31756.0,1628492.771
Santa Bárbara do Leste,8737.0,111650.151
Santa Bárbara do Monte Verde,3199.0,56243.7
Santa Bárbara do Tugúrio,4262.0,70593.977
Santa Cruz de Minas,8321.0,103518.723
Santa Cruz de Salinas,3944.0,49008.925
Santa Cruz do Escalvado,4743.0,76964.899
Santa Efigênia de Minas,4067.0,51018.733
Santa Fé de Minas,3551.0,59942.126
Santa Helena de Minas,6059.0,57951.205
Santa Juliana,16568.0,860482.211
Santa Luzia,229483.0,5290589.491
Santa Margarida,16903.0,354062.561
Santa Maria de Itabira,10716.0,269042.79
Santa Maria do Salto,4803.0,49995.492
Santa Maria do Suaçuí,12898.0,170840.241
Santana da Vargem,6781.0,242909.598
Santana de Cataguases,3553.0,49932.917
Santana de Pirapama,7079.0,116684.764
Santana do Deserto,3819.0,47378.297
Santana do Garambéu,2175.0,39157.394
Santana do Jacaré,4265.0,105993.426
Santana do Manhuaçu,9236.0,189846.288
Santana do Paraíso,48286.0,750462.52
Santana do Riacho,5579.0,103786.314
Santana dos Montes,3507.0,49865.641
Santa Rita de Caldas,8588.0,227954.673
Santa Rita de Jacutinga,4836.0,74816.659
Santa Rita de Minas,6952.0,151813.178
Santa Rita de Ibitipoca,3344.0,61761.129
Santa Rita do Itueto,5973.0,179081.291
Santa Rita do Sapucaí,42320.0,1944614.305
Santa Rosa da Serra,3476.0,102034.375
Santa Vitória,21745.0,802690.233
Santo Antônio do Amparo,17651.0,354432.184
Santo Antônio do Aventureiro,3881.0,67919.691
Santo Antônio do Grama,4342.0,85672.291
Santo Antônio do Itambé,3979.0,44706.755
Santo Antônio do Jacinto,10397.0,114553.715
Santo Antônio do Monte,28358.0,843029.412
Santo Antônio do Retiro,6743.0,70749.723
Santo Antônio do Rio Abaixo,1853.0,28497.48
Santo Hipólito,2720.0,50199.813
Santos Dumont,43392.0,1102976.852
São Bento Abade,4835.0,89310.397
São Brás do Suaçuí,4133.0,80505.232
São Domingos das Dores,5778.0,91416.982
São Domingos do Prata,17771.0,313490.957
São Félix de Minas,3252.0,43894.904
São Francisco,54239.0,648147.607
São Francisco de Paula,6293.0,150480.851
São Francisco de Sales,5857.0,194087.233
São Francisco do Glória,4866.0,72566.841
São Geraldo,10517.0,264434.116
São Geraldo da Piedade,3258.0,44820.99
São Geraldo do Baixio,3175.0,49943.742
São Gonçalo do Abaeté,7521.0,325580.363
São Gonçalo do Pará,12192.0,311247.593
São Gonçalo do Rio Abaixo,12353.0,7603851.049
São Gonçalo do Sapucaí,24480.0,987544.964
São Gotardo,43309.0,1189360.386
São João Batista do Glória,7912.0,268158.43
São João da Lagoa,4950.0,60418.036
São João da Mata,3000.0,55082.405
São João da Ponte,24269.0,268895.024
São João das Missões,13467.0,92400.054
São João del Rei,94062.0,3005052.222
São João do Manhuaçu,11614.0,183099.286
São João do Manteninha,5468.0,81243.442
São João do Oriente,7139.0,101876.527
São João do Pacuí,4052.0,44645.746
São João do Paraíso,24604.0,285079.902
São João Evangelista,15617.0,253107.892
São João Nepomuceno,26478.0,506309.143
São Joaquim de Bicas,36496.0,1083353.544
São José da Barra,8084.0,891476.488
São José da Lapa,27710.0,625195.139
São José da Safira,3861.0,49559.719
São José da Varginha,4677.0,114407.082
São José do Alegre,4242.0,57939.962
São José do Divino,3501.0,53045.8
São José do Goiabal,5492.0,67387.909
São José do Jacuri,6298.0,99910.93
São José do Mantimento,2834.0,44174.779
São Lourenço,46653.0,1177922.243
São Miguel do Anta,6430.0,105088.829
São Pedro da União,4979.0,148165.857
São Pedro dos Ferros,7194.0,134410.328
São Pedro do Suaçuí,5166.0,81787.202
São Romão,10553.0,243120.784
São Roque de Minas,7341.0,323185.261
São Sebastião da Bela Vista,6694.0,443000.18
São Sebastião da Vargem Alegre,3219.0,66815.528
São Sebastião do Anta,6386.0,104241.098
São Sebastião do Maranhão,10244.0,100816.34
São Sebastião do Oeste,9355.0,597003.412
São Sebastião do Paraíso,74742.0,2236521.488
São Sebastião do Rio Preto,1248.0,25970.279
São Sebastião do Rio Verde,2373.0,35692.439
São Tiago,11517.0,246093.822
São Tomás de Aquino,6853.0,195273.023
São Tomé das Letras,7089.0,137362.237
São Vicente de Minas,6935.0,206109.749
Sapucaí-Mirim,6462.0,110272.437
Sardoá,5164.0,68801.504
Sarzedo,39327.0,2190992.383
Setubinha,10032.0,122685.964
Sem-Peixe,2441.0,36664.705
Senador Amaral,6458.0,89447.552
Senador Cortes,2319.0,38034.888
Senador Firmino,7945.0,106777.109
Senador José Bento,2137.0,35496.339
Senador Modestino Gonçalves,4035.0,92207.161
Senhora de Oliveira,5584.0,81083.282
Senhora do Porto,3088.0,49778.086
Senhora dos Remédios,10640.0,115769.112
Sericita,7536.0,104984.619
Seritinga,1864.0,45231.763
Serra Azul de Minas,3829.0,45065.797
Serra da Saudade,854.0,21890.558
Serra dos Aimorés,6936.0,91034.033
Serra do Salitre,12210.0,983221.689
Serrania,7802.0,161647.365
Serranópolis de Minas,4496.0,47456.285
Serranos,2035.0,38562.023
Serro,22550.0,292439.578
Sete Lagoas,237931.0,12659739.89
Silveirânia,2391.0,35150.316
Silvianópolis,6336.0,141555.673
Simão Pereira,3060.0,104072.261
Simonésia,20339.0,285286.536
Sobrália,5175.0,67372.791
Soledade de Minas,5733.0,81877.121
Tabuleiro,4098.0,65731.176
Taiobeiras,34392.0,557419.252
Taparuba,3492.0,49070.262
Tapira,4212.0,689238.387
Tapiraí,1707.0,56040.744
Taquaraçu de Minas,4368.0,65922.805
Tarumirim,15072.0,188341.121
Teixeiras,12634.0,191322.291
Teófilo Otoni,142571.0,2951670.488
Timóteo,84087.0,5611338.764
Tiradentes,8008.0,205707.337
Tiros,8172.0,379858.774
Tocantins,16574.0,349691.358
Tocos do Moji,3899.0,70719.247
Toledo,7541.0,107160.56
Tombos,8699.0,130979.254
Três Corações,78079.0,2959361.221
Três Marias,29927.0,3151633.367
Três Pontas,57086.0,1879263.744
Tumiritinga,5973.0,82915.463
Tupaciguara,26482.0,946559.143
Turmalina,20650.0,443706.354
Turvolândia,5078.0,139819.527
Ubá,107222.0,3573939.502
Ubaí,11977.0,117219.271
Ubaporanga,13423.0,167990.879
Uberaba,354142.0,20397519.225
Uberlândia,754954.0,43129284.919
Umburatiba,2742.0,44171.81
Unaí,90724.0,4319562.621
União de Minas,3848.0,130423.701
Uruana de Minas,3360.0,97097.021
Urucânia,10875.0,239997.219
Urucuia,18291.0,193241.664
Vargem Alegre,5834.0,77331.436
Vargem Bonita,2206.0,87636.808
Vargem Grande do Rio Pardo,4727.0,68129.697
Varginha,142802.0,8093809.939
Varjão de Minas,7243.0,316198.895
Várzea da Palma,34639.0,1067612.933
Varzelândia,19214.0,187205.616
Vazante,20433.0,1168648.213
Verdelândia,7770.0,115451.215
Veredinha,5257.0,133052.093
Veríssimo,3480.0,170434.404
Vermelho Novo,5034.0,64216.338
Vespasiano,136826.0,3020537.007
Viçosa,79221.0,1811858.634
Vieiras,3780.0,53459.002
Mathias Lobato,3069.0,43930.813
Virgem da Lapa,11867.0,131603.761
Virgínia,9142.0,180445.726
Virginópolis,10519.0,183952.719
Virgolândia,4530.0,62673.559
Visconde do Rio Branco,40608.0,1351678.582
Volta Grande,4473.0,140360.687
Wenceslau Braz,2387.0,33088.471
